[
  {
    "icon": "fa fa-home",
    "slug": "external",
    "title": "Volver al inicio",
    "path": "index.html"
  },  
  { 
    "id": 1,
    "icon": "fa fa-file-text-o",
    "slug": "actividad",
    "title": "1. Actividad productiva",
    "breadcrumb": ["Inicio","Tema 1"],
    "path": "pages/1-tema.html",    
    "submenu": [
      {
        "icon": "fa fa-file-text-o",
        "slug": "actividad",
        "title": "1.1 Planteamiento del problema",
        "anchor": "11"
      },
      {
        "icon": "fa fa-file-text-o",
        "slug": "actividad",
        "title": "1.2 Diagnóstico",
        "anchor": "12"
      },
      {
        "icon": "fa fa-file-text-o",
        "slug": "actividad",
        "title": "1.3 Clasificación de los problemas",
        "anchor": "13"
      },
      {
        "icon": "fa fa-file-text-o",
        "slug": "actividad",
        "title": "1.4 Sector productivo",
        "anchor": "14"
      },
      {
        "icon": "fa fa-file-text-o",
        "slug": "actividad",
        "title": "1.5 Entorno",
        "anchor": "15"
      },
      {
        "icon": "fa fa-file-text-o",
        "slug": "actividad",
        "title": "1.6 Recolección de información",
        "anchor": "16"
      }
    ]
  },
  { 
    "id": 1,
    "icon": "fa fa-file-text-o",
    "slug": "herramientas",
    "title": "2. Herramientas para el procesamiento de datos y metodología estadística",
    "breadcrumb": ["Inicio","tema 2"],
    "path": "pages/2-tema.html",    
    "submenu": [
      {
        "icon": "fa fa-file-text-o",
        "slug": "herramientas",
        "title": "2.1 Fuentes de información",
        "anchor": "21"
      },
      {
        "icon": "fa fa-file-text-o",
        "slug": "herramientas",
        "title": "2.2 Estadística",
        "anchor": "22"
      },
      {
        "icon": "fa fa-file-text-o",
        "slug": "herramientas",
        "title": "2.3 Variables estadísticas",
        "anchor": "23"
      }
    ]
  }
]